x_pos,y_pos,p_flag,volts,weights
-952.53,39.35,1,3.59123,5
-412.58,764.71,0,1.79811,8
-453.11,-168.87,0,2.49292,10
875.88,-655.6,1,4.59257,9
279.89,-24.44,0,2.17458,9
459.67,531.84,1,4.59257,9
-977.54,-69.59,0,1.85847,8
940.69,884.18,0,2.89493,10
-618.53,-620.08,1,4.34604,8
-706.6,160.82,1,3.90643,6
660.2,-737.82,0,2.51352,10
301.67,796.82,1,2.95771,3
-446.7,-260.58,0,2.61923,10
551.21,-81.57,1,4.22492,7
804.08,432.8,1,4.59257,9
361.15,17.05,1,4.4085,8
478.3,-236.66,1,3.80729,6
819.75,254.56,0,2.14932,9
-79.26,-754.3,1,4.59257,9
-890.8,-492.45,1,4.36262,8
-536.02,815.84,1,4.47938,8
604.27,-872.44,0,2.29726,10
825.12,-836.16,0,2.96347,10
862.75,-633.39,0,2.39726,10
321.25,403.38,1,4.33141,8
-709.49,922.72,0,2.71246,10
930.28,-158.39,1,2.91865,3
-105.82,283.04,1,4.59257,9
-505.94,-471.65,0,2.67436,10
-178.28,187.85,0,2.77018,10
-934.94,338.32,1,4.18217,7
-534.36,-293.43,0,2.36239,10
462.06,-989.03,1,3.52618,5
868.58,506.67,0,2.24795,9
605.46,-5.86,1,4.17469,7
40.67,162.83,1,4.29306,8
-617.35,813.44,1,4.59257,9
421.82,166.25,0,1.80499,8
-191.91,656.35,0,2.56492,10
229.19,-97.94,0,2.40093,10
-730.13,-730.62,1,4.59257,9
561,610.09,0,2.91733,10
18.99,-629.74,1,3.41557,4
535.62,-55.8,1,4.59257,9
435.93,-396.02,0,1.77846,8
-125.23,-169.13,1,4.25925,8
-155.12,82.78,1,4.59257,9
-202.77,-480.12,0,2.25449,10
232.46,123.51,1,3.14968,3
-199.36,-434.05,1,3.99692,6
-852.46,385.22,0,1.98942,8
471.4,471.24,0,2.45072,10
622.37,99.76,1,2.91057,3
86.15,443.77,0,2.00956,9
-699.05,-231.86,1,3.58824,5
-270.09,-58.64,1,4.59257,9
325.01,670.39,1,2.9811,3
-872.02,-20.56,1,3.76682,6
980.41,-654.03,0,2.47278,10
879.86,-964.83,1,4.00171,7
801.44,377.84,0,2.06318,9
17.71,-30.42,1,2.97349,3
-276.44,999.96,1,4.23718,7
-677.03,922.42,1,3.44081,4
-272.53,-65.26,1,4.59257,9
-433.39,653.58,0,2.71012,10
-76.61,957.66,1,3.11543,3
-514.5,799.15,0,2.19027,9
950.76,-780.33,1,3.82701,6
-434.63,973.81,0,2.12847,9
335.39,-498.61,1,3.52463,5
-808.59,125.97,1,4.5436,9
192.04,997.48,0,1.99193,8
230.53,-836.84,0,2.33856,10
-372.9,532.66,0,2.40247,10
-368,-829.53,0,2.17646,9
931,-31.45,1,3.60693,5
-768.49,88.96,0,2.04806,9
663.16,634.71,0,2.87485,10
390.54,646.75,0,2.4257,10
-855.53,-830.65,1,4.08442,7
-377.97,614.43,0,2.43562,10
-48.77,305.14,1,4.59257,9
872.76,-127.67,1,4.59257,9
12.13,-906.76,0,2.50148,10
-651.25,-890.58,1,4.0702,7
-216.8,-497.69,0,2.28602,10
463.54,203.43,1,4.11206,7
348.57,326.54,0,2.43985,10
496.07,288.36,1,3.41622,4
908.23,216.3,1,4.59257,9
932.24,603.34,1,3.14517,3
-669.58,367.86,0,2.04583,9
-857.68,-828.48,1,4.59257,9
-340.12,238.87,0,2.23493,9
-312.27,-999.57,1,3.79315,6
179.4,467.79,0,2.77664,10
-662.77,606.42,1,3.0205,3
-529.25,786.48,1,3.20442,3
343.1,320.97,1,3.67575,5
-446.23,984.13,0,2.38416,10
-307.52,-958.55,0,1.88609,8
-442.53,21.17,1,3.83093,6
-740.66,-68.05,1,3.93975,6
641.56,673.61,0,2.13536,9
982.22,361.77,1,4.2637,8
243.84,181.98,1,4.02006,7
658.08,-92.04,1,3.27595,4
496.29,242.99,1,4.07151,7
-238.89,624.12,1,4.387,8
-612.13,85.78,1,3.15211,3
-810.31,601.34,1,4.59257,9
-499.04,-834.51,1,4.59257,9
434.7,327.87,1,3.87495,6
232.35,820.37,0,1.9674,8
69.29,513.55,0,2.51884,10
-424.5,-494.15,1,3.18459,3
-604.25,287.67,1,3.85152,6
811.15,-336.26,1,3.0619,3
-966.37,-715.4,0,2.3904,10
772.26,-796.63,0,1.88511,8
-28.85,931.78,1,3.52439,5
915.42,564.94,0,2.20107,9
-204.86,-637.19,1,4.0921,7
-844.57,832.67,1,3.10505,3
-953.32,788.41,0,2.67255,10
-374.64,46.25,0,2.29809,10
-751.07,745.26,1,3.34808,4
598.96,588.93,0,2.42034,10
-58.26,-798.64,1,4.59257,9
-744.18,941.6,1,4.59257,9
150.59,-356.99,0,2.82502,10
-814.72,-730.34,0,2.15812,9
-481.39,-457.86,0,1.88081,8
-321.39,-761.75,1,4.2264,7
941.45,-152.28,1,3.24749,3
-575.36,-304.98,1,4.11785,7
-839.49,-406.41,0,2.08482,9
278.25,-570.63,1,3.81539,6
-653.6,-179.31,0,2.76891,10
261.52,318.27,1,3.09534,3
771.16,-933.75,1,4.59257,9
450.95,-433.31,0,2.41219,10
-733.83,554.44,0,1.98366,8
-51.59,-664,1,2.79159,3
-174.71,-58.71,0,1.79646,8
127.86,609.75,0,1.84778,8
702.26,43.52,1,2.98792,3
300.19,499.32,0,2.3839,10
-488.71,313.75,1,4.59257,9
-527.47,123.73,1,3.75383,6
-827.69,-345.31,0,1.79289,8
-372.79,-720.18,0,2.23459,9
991.17,-522.59,0,2.31457,10
466.58,895.81,1,3.16322,3
-758.49,455.92,1,4.33021,8
-749.4,-296.99,0,2.34349,10
167.98,-419.99,0,2.86643,10
448,-343.24,1,3.96782,6
4.01,-850.5,1,4.59257,9
213.75,146.25,0,2.86428,10
903.16,-501.7,0,2.02763,9
-97.55,11.6,0,2.55734,10
-972.43,-272.63,1,4.51857,9
530.38,-156.44,0,2.91417,10
543.54,391.56,1,2.97571,3
-779.15,580.64,1,4.59257,9
-790.17,-520.33,1,3.63439,5
66.29,563.95,0,2.89162,10
-648.28,-737.49,1,3.40993,4
-984.43,-355.03,1,4.59257,9
549.31,535.67,1,4.59257,9
-256.99,-351.39,1,4.20599,7
-715.25,-49.43,0,2.85129,10
480.38,-522.68,0,1.95644,8
329.4,662.29,1,2.94534,3
-166.07,-456.25,1,3.22003,3
95.57,-769.47,1,3.81999,6
528.28,564.94,0,2.9114,10
-137.12,-7.65,1,4.48333,8
922.14,881.01,1,3.41701,4
-796.08,-144.76,0,2.2349,9
957.43,279.59,1,3.85266,6
-596.64,567.83,0,1.84815,8
965.4,-260.44,0,2.1174,9
630.62,-957.02,1,3.37693,4
-251.2,-237.7,1,4.59257,9
-548.49,180.83,1,4.59257,9
278.85,-714.53,1,3.47371,4
-207.35,-408.92,0,2.40066,10
-871.77,-116.09,1,3.01052,3
730.59,500.89,0,2.47502,10
409.01,946.55,1,3.01068,3
-374.61,-823.39,0,2.91372,10
269.64,38.72,1,3.64765,5
-604.31,-118.72,0,2.83315,10
-879.78,451.69,1,4.59257,9
-290.56,-652.17,1,3.64439,5
470.88,-12.97,1,3.62254,5
201.33,-225.17,0,2.54499,10
-10.08,-913.76,0,1.89856,8
-161.67,-24.66,1,4.59257,9
-429.48,824.82,1,4.06078,7
-470.44,901.36,1,3.95673,6
-363.01,-894.41,1,3.27219,4
-662.01,637.27,0,2.33661,10
-955.18,-392.45,0,2.05518,9
778.97,851.34,1,3.86685,6
159.85,841.24,0,2.56375,10
-241.5,-792.33,1,3.12009,3
869.32,-616.3,0,2.65817,10
-820.73,-622.93,1,4.11506,7
-823.91,277.28,1,3.04066,3
-652.15,187.92,1,4.52112,9
76.95,-113.8,0,1.80208,8
-796.33,447.2,1,4.27941,8
-160.91,795.72,1,4.40155,8
972.17,19.58,1,4.38562,8
-840.46,-108.54,0,1.79922,8
-484.81,170.34,0,2.28285,10
239.82,-962.55,1,3.25202,4
-239.88,803.46,0,1.80823,8
678.95,217.46,1,4.21698,7
-576.43,164.14,0,2.8955,10
-299.6,-184.71,1,4.16534,7
-204.5,956.8,1,3.11413,3
114.85,-212.71,0,2.4537,10
663.08,-460.65,0,2.25015,10
-760.51,-831.81,1,3.59845,5
587.07,-502.85,1,4.59257,9
-307.54,951.43,1,4.36643,8
-667.55,245.72,1,4.57349,9
-495.35,-761.09,0,2.75414,10
-297.05,-993.15,1,4.59257,9
-528.04,-528.03,1,3.40981,4
-305.39,-977.35,0,2.78278,10
-648.17,-502.81,0,2.95099,10
-646.77,-687.37,1,4.10985,7
748.88,-481.61,0,2.63853,10
-109.9,-922.63,0,2.91636,10
872.9,516.77,0,2.78551,10
697.63,-15.12,0,2.87572,10
737.2,345.2,0,2.20842,9
-206.41,489.09,0,2.40295,10
-908.45,-511.02,1,4.52989,9
-81.33,782.39,0,2.24775,9
-220.5,-610.43,0,2.57754,10
-718.75,795.32,0,2.16862,9
728.79,506.49,1,4.59257,9
-342.93,918.95,0,2.23815,9
-897.27,-195.43,0,2.49234,10
335.95,311.46,0,2.61516,10
834.89,-126.66,1,4.59257,9
706.51,837.37,1,3.16127,3
153.89,2.67,1,4.30636,8
-535.52,-54.36,0,2.37681,10
390.46,651.32,1,4.52731,9
-352.08,-513.35,1,3.31903,4
758.88,805.1,1,4.59257,9
-964.94,-38.98,1,4.59257,9
-91.18,363.02,0,2.15591,9
-607.06,-876.88,1,4.06859,7
584.97,66.98,0,2.27308,10
-158.97,-92.17,0,1.79223,8
552.29,-616.33,1,3.92424,6
568.83,-518.45,1,3.57603,5
853.34,-332.77,0,1.82353,8
772.44,173.58,1,4.59257,9
-941.34,-299.29,0,2.35267,10
-656.3,-593.87,1,3.184,3
-350.58,250.16,1,4.30553,8
593.18,509.29,1,3.43639,4
829.68,-466.59,0,2.06372,9
-765.76,442.71,0,2.91503,10
931,981.55,0,2.3832,10
-241.31,-994.43,0,2.36929,10
927.78,-110.18,1,4.1077,7
874.77,-421.34,1,4.30437,8
-223.88,-705.28,0,2.41023,10
819.64,973.9,0,1.99331,8
-256.66,676.15,0,2.2424,9
-796.33,-496.97,1,4.02735,7
679.5,769.73,0,2.09835,9
383.75,-964.58,0,2.28616,10
-655.09,757.74,1,4.59257,9
-149.18,-886.76,1,3.75324,6
220.1,-579.56,0,1.90809,8
-802.51,-455.97,1,3.67016,5
-678.08,90.26,1,4.48373,8
135.74,-226.78,0,2.31033,10
-264.09,-861.72,0,1.97772,8
776.12,639.63,1,4.59257,9
-788.73,281.79,1,3.67433,5
-65.12,-141.14,1,4.51339,9
-463.28,397.45,0,1.79812,8
-601.56,154.06,0,2.52336,10
-885.63,185.38,0,2.95198,10
-10,-995.06,1,4.28296,8
-399.44,370.29,0,2.64006,10
250.28,-870.02,0,2.8449,10
-22.52,838.81,0,2.8295,10
-669.45,-182.79,1,4.59257,9
-968.45,-777.99,1,3.9364,6
-647.38,-668.21,1,4.59257,9
365.55,145.54,0,2.2782,10
750.43,877.05,1,3.69262,5
-7.82,961.35,1,3.45983,4
529.13,966.79,0,2.26612,10
-359.05,-931.97,0,1.86446,8
-613.91,22.25,1,3.46643,4
638.06,-968.45,1,4.29536,8
710.92,573.32,0,2.84901,10
-298.52,-355.14,0,2.65802,10
914.37,-336.05,1,3.82555,6
-595.88,-273.07,0,1.84009,8
446.71,-757,0,1.93323,8
-415.3,445.84,1,3.90795,6
645.3,-298.7,0,2.36418,10
-692.24,657.88,1,3.91061,6
391.34,-852.91,0,2.3676,10
93.54,701.64,1,2.98325,3
-837.87,589.56,0,2.57292,10
-572.63,-212.63,1,3.66995,5
172.61,431.2,0,2.47001,10
538.06,-230.34,0,2.54909,10
-883.96,470.34,1,2.94995,3
846.93,639.73,0,1.99645,8
-225.75,-766.39,0,2.94378,10
-103.75,-289.56,1,4.59257,9
309.96,396.96,0,2.27695,10
-276.42,-809.3,1,4.59257,9
575.35,-269.37,1,4.39997,8
706.17,-505.03,1,3.09215,3
495.3,-990.37,0,2.79905,10
912.03,764.1,1,3.17093,3
-96.88,-605.78,0,1.83174,8
-951.83,-883.08,0,2.88712,10
-483.6,688.49,1,4.31025,8
-911.15,-400.44,0,2.08658,9
-648.22,816,1,4.51861,9
544.07,-544.71,1,4.59257,9
-35.93,-876.52,1,2.97824,3
331.13,-302.61,1,4.59257,9
166.76,-922.71,0,2.12589,9
-266.12,832.36,0,2.82722,10
-929.48,481.41,1,4.59257,9
9.38,764.69,1,4.35343,8
949.4,-941.28,1,3.81551,6
-361.58,-490.67,1,3.74224,5
-892.71,176.11,1,4.59257,9
451.27,545.16,0,2.16551,9
374.98,520.7,1,3.21374,3
-447.71,713.04,0,2.69777,10
-62.46,482.79,0,2.3755,10
931.03,-320.5,1,4.59257,9
82.1,-654.45,0,2.11642,9
-241.31,-834.61,0,1.75254,8
468.11,-275.98,0,2.05924,9
-282.53,222.65,1,4.59257,9
-323.61,-675.7,1,3.4583,4
-231.77,-674.25,1,4.12983,7
-516.37,945.76,0,2.21885,9
691.81,498.45,0,2.79037,10
-730.71,308.9,0,2.50292,10
101.4,846.63,0,2.94378,10
665.25,-699.89,1,3.35432,4
-66.14,847.46,0,2.35112,10
-162.6,608.41,1,3.32302,4
555.27,880.23,0,2.39102,10
-284.9,-714.03,1,3.24853,3
-375.6,-242.2,0,2.02324,9
-884.26,-469.21,0,1.79471,8
105.77,142.31,0,1.83058,8
-874.8,-498.78,0,2.87234,10
10.68,-587.02,1,4.30328,8
-663.14,-354.32,1,4.41169,8
-123.78,907.06,0,1.9954,8
120.5,-720.52,1,3.70389,5
183.43,-734.03,0,2.23649,9
109.03,-225.65,1,3.4633,4
-917.29,10.73,0,2.1053,9
-881.45,-245.37,0,2.79705,10
-251.11,360.34,1,3.19146,3
-850.61,883.83,1,4.46559,8
710.98,-221.26,0,1.76275,8
-581.78,-18.4,0,2.18784,9
-918.74,-264.26,1,3.60927,5
-795.44,-520.39,0,2.91982,10
-663.37,431.57,0,2.67846,10
464.09,-645.37,1,3.50057,5
-336.98,-301.54,1,4.59257,9
201.33,423.7,1,4.59257,9
-312.53,-634.71,1,4.59257,9
316.16,391.72,1,4.59257,9
-113.12,-606.18,0,1.90922,8
-917.85,848,0,2.63773,10
-157.87,-857.61,0,2.17101,9
-998.33,-183.35,1,2.95856,3
31,-249.2,0,1.94141,8
563.88,472.57,0,2.34781,10
922.25,-808.28,0,2.72036,10
-40.56,-826.43,0,1.77938,8
807.72,-836.65,1,3.82858,6
315.4,401.79,1,3.93807,6
804.7,789.46,1,2.98881,3
483.72,-778.33,1,4.59257,9
-877.36,17.68,1,4.48229,8
421.51,-368.71,1,4.59257,9
-957.67,40.59,1,3.16967,3
-986.14,-939.11,1,3.42731,4
-566.82,-591.55,1,4.39785,8
366.33,482.61,0,2.34508,10
307.59,-273.17,1,3.95691,6
-319.44,-615.25,0,1.93125,8
-629.34,921.5,1,4.59257,9
-652.63,316.78,0,1.95482,8
174.81,-280.61,0,1.7589,8
-934.65,-358.58,1,3.42418,4
-439.06,-622.23,0,1.90706,8
-96.66,-376.15,1,3.0315,3
-583.18,299.9,0,2.66417,10
-333.26,446.54,1,4.07865,7
-725.65,578.94,0,1.85268,8
970.72,44.81,0,2.72875,10
-136.95,9.15,1,4.21915,7
-831.9,967.35,1,3.40337,4
678.95,337.93,0,2.85562,10
-341.1,-649.6,0,2.08952,9
-431.04,601.78,0,2.50057,10
-300.84,-938.77,0,2.18214,9
-518.35,124.71,1,3.32929,4
637.84,896.64,0,2.04897,9
-230.94,156.24,0,2.9491,10
-660.19,-178.93,1,3.93556,6
-616.56,398.99,1,3.9184,6
914.44,-300.43,0,2.62568,10
692.09,575.97,1,4.44067,8
178.28,-830.4,1,4.11815,7
924.43,54.64,0,2.79414,10
-719.54,705.37,1,4.23043,7
-930.33,915.13,0,2.86696,10
642.03,-523.08,0,2.05324,9
-550.33,915.27,0,1.79524,8
673.79,-618.06,0,2.77342,10
-276.22,952.07,1,3.95609,6
-268.95,-75.61,1,4.59257,9
-306.12,-485.72,1,3.00395,3
308.69,10.22,0,2.60446,10
611.66,-387.56,0,2.65639,10
-588.85,458.36,0,2.32976,10
522.92,-141.22,1,3.00558,3
371.42,965.67,1,4.25744,8
539.55,234.89,0,2.10109,9
-539.51,-47.81,1,3.8502,6
-506.89,127.19,0,2.75899,10
-309,-969.99,0,2.05248,9
497.53,-507.09,0,2.79477,10
531.74,-500.66,1,4.59257,9
-936.61,112.4,1,3.25074,4
-838.37,-915.75,0,2.42175,10
-832.39,533.59,1,4.59257,9
-743.45,576.15,1,3.0893,3
-109.66,-120.74,0,1.86278,8
985.26,322.6,1,4.34398,8
364.4,-860.45,1,4.59257,9
458.51,-830.54,1,4.35461,8
184.42,445.05,1,4.19151,7
-296.74,-7.23,0,2.85547,10
-951.17,550.56,0,2.25797,10
565.31,637.23,0,2.30862,10
-808.43,932.5,0,2.75256,10
-132.08,-387.94,1,4.59257,9
12.91,104.38,0,1.82378,8
-95.34,66.36,1,3.14252,3
-275.42,605.16,0,2.69054,10
-790.34,-608.42,1,4.2411,7
-385.51,141.68,0,2.04815,9
-492.53,253.82,0,1.92807,8
759.09,12.95,0,2.47647,10
-306.58,574.41,1,3.72332,5
-559.24,-590,0,2.65714,10
315.42,732.31,0,2.96094,10
-606.02,389.33,0,1.8692,8
971.69,788.86,0,2.1797,9
-825.93,-918.77,0,2.9293,10
347.92,466.63,1,3.34738,4
107.72,-171.04,1,4.59257,9
994.88,659.63,0,2.71945,10
231.69,-984.12,0,2.16325,9
-800.41,-501.63,0,1.96926,8
26.46,-297.4,1,4.46835,8
-368.11,531.95,1,2.91413,3
464.9,-604.71,1,4.36833,8
588.58,-584.2,1,3.65215,5
-530.69,-489.87,1,4.59257,9
992.32,186.43,1,4.59257,9
-679.9,-132.08,1,3.19252,3
923.62,340.2,0,1.9427,8
-633.35,-16.64,1,3.67848,5
795.92,-242.8,0,2.40365,10
31.13,910.82,1,4.59257,9
606.71,642.12,0,2.57456,10
659.82,544.45,1,2.90965,3
643.14,-104.57,0,1.89776,8
-125.1,-104.9,0,2.55585,10
-21.15,470.86,0,2.47636,10
-901.97,-637.5,1,3.82721,6
-83.66,227.21,0,1.77723,8
-126.35,575.87,1,4.59022,9
548.23,868.37,1,4.07674,7
-842.25,100.5,0,2.69029,10
-339.46,-205.95,0,2.87252,10
770.96,-899.57,0,1.87496,8
13.31,-713.21,0,1.90317,8
542.19,-176.92,0,2.62689,10
13.32,985.78,0,2.38989,10
900.99,382.73,1,4.49162,8
-60.6,384.11,0,1.7654,8
542.89,-664.55,0,2.35576,10
-88.58,-70.63,0,2.36716,10
207.39,346.04,1,4.59257,9
-183.48,-373.54,1,4.59257,9
887.93,367.83,0,2.06724,9
523.75,301.27,1,3.46544,4
375.92,603.82,0,1.96162,8
-603.76,-279.69,0,2.63458,10
-497.78,145.43,1,4.13954,7
-850.15,-433.79,1,4.59257,9
-566.38,-95.16,1,3.91394,6
-215.38,571.37,0,2.0971,9
-97.32,698.89,0,2.70239,10
549.24,-885.31,1,4.39421,8
-222.44,-988.44,0,2.65205,10
80.97,7.26,0,2.07181,9
-899.42,-239.32,1,3.93608,6
-95.42,508.49,0,2.25575,10
-720.01,908.16,0,2.58155,10
-497.94,565.55,0,2.05293,9
980.9,-725.19,0,2.53924,10
-216.53,809.83,1,4.59257,9
-227.79,721.87,0,2.32779,10
-143.15,-484.44,1,4.59257,9
-531.65,849.4,0,2.03084,9
-402.67,-180.79,1,3.35922,4
-168.63,167.17,0,2.29641,10
666.35,937.97,0,2.28155,10
710.18,-529.94,1,4.283,8
368.91,-78.46,0,2.70773,10
498.19,-706.67,1,4.28124,8
413.13,-745.94,0,2.21571,9
-865.72,-123.95,0,2.21719,9
133.96,91.19,1,3.00706,3
152.78,-798.22,1,3.89309,6
805.1,283.74,1,4.59257,9
-448.63,298.93,1,3.31972,4
-235.86,-473.19,0,1.87784,8
305.71,-351.14,0,2.20099,9
-564.64,-325.2,0,2.86363,10
267.37,721.97,1,4.25608,8
-315.8,-483.77,0,1.87951,8
-25.47,-788.35,0,2.88571,10
125.53,102.24,0,2.75557,10
-186.04,-678.68,0,2.73985,10
-703.56,408.2,1,4.23648,7
-816.04,-232.92,0,2.52161,10
-50.12,888.13,1,3.37855,4
-134.74,-553.71,1,3.56007,5
61.4,933.24,0,2.00882,9
-983.12,-977.71,0,2.34259,10
-975.43,-559.18,1,4.17396,7
94.02,-865.89,1,3.84816,6
479.37,-550.69,1,4.49105,8
339.84,-445.75,1,3.71444,5
-119.68,630.5,0,2.47268,10
574.93,-159.11,0,2.67241,10
-194.69,-4.44,1,3.97455,6
-54.13,-531.3,0,2.44922,10
-879.42,-853.75,0,2.90243,10
13.89,-252.45,0,2.01418,9
-731.5,-331.81,0,1.77384,8
448.88,326.22,1,3.2992,4
-629.8,-124.94,0,2.6693,10
-730.81,-676.55,0,2.57217,10
422.91,96.55,1,4.59257,9
-980.63,-14.59,0,2.43558,10
-731.86,-86.48,1,4.31362,8
926.92,-371.61,1,4.5216,9
-138.02,-148.02,1,2.97082,3
-783.39,679.95,0,2.38447,10
-930.09,-250.56,1,3.72926,5
-596.53,-560.16,0,1.77851,8
176.85,-434.28,1,2.96122,3
994.27,500.62,0,2.44758,10
525.18,-522.78,0,2.55566,10
55.27,618.41,1,3.46876,4
-508.21,-244.02,0,2.25397,10
-703.33,987.74,0,2.53956,10
265.38,827.13,0,2.50245,10
51.61,-922.85,0,2.7621,10
437.63,-0.81,1,2.94647,3
-393.21,-668.37,0,2.62877,10
-342.79,-332.59,0,2.9659,10
-28.51,460.49,0,2.20037,9
-447.24,643.66,0,2.54972,10
222.62,307.13,0,1.75996,8
-490.07,-351.35,0,1.99139,8
-717.91,631.08,0,2.06724,9
-378.29,-179.44,0,1.94062,8
-663.71,15.74,0,2.55045,10
533.05,730.49,1,4.59257,9
734.35,-7.22,1,3.70046,5
-699.79,66.75,1,3.22815,3
416.67,-948.62,0,2.96705,10
-127.98,-237.1,0,2.51407,10
539.51,-63.29,0,1.91853,8
618.61,485.73,0,2.85095,10
739.81,-920.49,0,2.90976,10
-810.86,644.15,1,4.55329,9
-534.21,484.32,0,2.50535,10
-63.98,-981.07,0,2.43286,10
-972.84,-122.52,1,4.45521,8
420.76,-687.05,0,2.13497,9
923.45,529.21,0,2.93799,10
-516.61,871.62,0,2.23732,9
867.7,-56.42,1,4.59257,9
732.95,199.62,1,4.59257,9
850.42,-891.91,1,4.59257,9
-501.12,-654.52,1,3.02302,3
881.87,-349.96,1,3.47383,4
62.96,710.89,1,3.96881,6
-842.4,955.06,0,2.93811,10
-899.18,647.87,0,2.28978,10
397.01,-176.64,1,4.59257,9
-840.92,-977.98,0,1.93634,8
468.38,101.84,0,2.27487,10
-158.68,-44.73,1,4.59257,9
-447.54,648.75,0,2.08402,9
231.68,-193.51,0,2.22342,9
247.59,-293.39,0,2.71704,10
316.57,963.12,1,4.50278,9
-904.75,-579.44,0,2.65913,10
-882.7,609.87,1,3.25502,4
-117.93,635.02,0,1.98242,8
-527.7,-399.25,1,3.30467,4
621.14,105.9,1,3.30033,4
648.69,603.78,0,2.01421,9
-376.14,-958.22,0,1.93418,8
736,43.78,0,1.84832,8
-94.37,-839.54,1,3.66311,5
-278.74,344.62,0,2.43419,10
-727.05,-304.77,0,2.49581,10
-148.71,-228.08,0,1.85269,8
761.87,-208.98,1,4.59257,9
-19.6,-370.47,1,4.12525,7
34.27,-688.81,1,2.85893,3
433.14,-273.33,1,3.81288,6
-405.63,-629.35,0,1.80932,8
240.64,85.87,0,2.92633,10
624.21,110.09,1,4.34418,8
569.79,-497.15,1,4.59257,9
-221.08,397.72,0,2.88548,10
-932.05,-922.24,1,4.59257,9
339.04,244.36,0,2.23259,9
-60.88,519.58,1,3.10878,3
-693.67,845.82,1,3.12126,3
591.9,-740.81,1,3.88154,6
414.34,813.49,1,3.35085,4
-956.52,399.51,1,4.59257,9
373.68,690.9,1,4.5025,9
-598.28,353.38,1,4.09622,7
162.29,-0.31,0,1.7695,8
-895.21,-284.86,0,1.9439,8
372.11,-922.7,1,4.05534,7
497.37,-421.17,1,3.95021,6
-849.23,-558.29,1,3.58234,5
-111.1,95.71,0,1.9157,8
432.13,-208.54,0,1.82721,8
-344.63,221.64,1,3.82308,6
-757.88,-482.21,1,3.4932,4
758.12,693.08,0,2.89089,10
-430.65,-615.04,0,2.89527,10
804.77,-407.01,1,2.93187,3
-452.2,-783.07,0,2.559,10
-781.29,79.59,0,2.01739,9
-8.7,-82.88,0,1.93195,8
-302.14,468.34,1,4.41769,8
-375.57,-159.68,1,4.59257,9
646.69,133.46,0,2.1665,9
267.27,955.15,1,3.22209,3
146.78,516.69,1,3.42109,4
499.85,749.4,1,4.59257,9
268.37,-548.83,0,2.38236,10
533.42,-14.89,0,1.77331,8
-906.88,183.05,0,2.68834,10
-595.99,822.33,1,3.36611,4
-874.06,-463.15,1,4.30307,8
-607.68,-988.07,0,1.9211,8
-367.63,-38.16,0,2.8374,10
-321.66,-73.61,1,3.6868,5
-169.13,462.13,0,2.71082,10
372.84,537.19,0,2.85667,10
380.9,909.22,0,1.99872,8
-823.7,446.17,1,4.37794,8
898.97,681.9,1,3.14167,3
-187.57,-582.82,1,3.33804,4
290.48,-740.76,0,2.4305,10
-996.94,916.39,1,4.59257,9
711.02,-919.57,0,2.36136,10
876.67,383.62,0,2.18999,9
-181.83,123.52,1,3.28637,4
-448.84,-105.31,1,3.92452,6
-418.37,-121.06,1,4.59257,9
-973.35,-572.95,1,4.07951,7
-435.35,-767.06,1,4.59257,9
-242.25,-902.38,1,4.59257,9
-518.28,641.04,1,4.30061,8
-193.94,346.97,1,4.59257,9
641.68,-323.25,1,4.48982,8
-753.33,192.54,0,2.81977,10
-282.79,941.9,1,3.02566,3
-415.28,-533.8,1,3.34514,4
-735.32,294.39,1,4.59257,9
364.47,-442.25,0,2.29422,10
-241.59,415.97,0,2.93901,10
-814.86,942.17,1,4.55466,9
614.61,-366.07,1,3.14658,3
-890.31,274.17,1,4.59257,9
-17.56,-374.15,1,3.37357,4
173.4,127.54,1,4.59257,9
-687.13,465.8,1,2.99664,3
-755.63,970.05,1,4.59257,9
-935.62,232.99,0,2.63004,10
-178.44,270.66,0,2.23699,9
-96.41,-3.47,0,2.45487,10
-989,-382.28,0,2.00749,9
-567.4,873.52,1,2.89932,3
706.48,-37.76,0,2.93102,10
320.89,-621.77,1,4.38861,8
612.94,-264.55,0,2.37657,10
356.03,-408.71,0,2.82596,10
-136.46,-265.37,1,3.38738,4
-866.39,422.26,1,4.59257,9
-526.53,-662.7,1,4.59257,9
303.48,574.22,1,3.0336,3
-565.71,-83.08,1,3.95718,6
755.6,601.57,1,4.59257,9
-447.89,-792.54,1,3.03617,3
-5.67,745.65,0,2.24076,9
-784.61,808.62,1,4.42485,8
561.12,-952.04,0,2.77267,10
-246.47,56.8,1,4.09285,7
-547.1,102.03,0,2.82135,10
-230.48,-987.53,1,3.97811,6
-296.37,987.17,0,1.99301,8
-172.67,748.99,1,3.98669,6
258.11,638.1,1,3.55981,5
-59.84,557.5,1,4.54629,9
-397.89,222.16,0,2.86677,10
470.49,532.8,1,3.02275,3
-171.52,-1.17,0,1.85179,8
-642.56,-729.35,0,2.96663,10
646.39,-372.77,0,2.94224,10
-847.74,979.24,1,4.59257,9
163.43,-250.07,1,3.70657,5
757.14,239.88,1,4.59257,9
-526.05,-793.11,1,4.59257,9
-678.84,-58.59,0,2.56612,10
-940.89,425.93,1,4.00238,7
-275.25,-86.09,0,2.72006,10
-196.32,-873.79,1,3.03314,3
-196.97,-934.75,1,2.98582,3
-339.82,-308.54,1,4.02684,7
214.26,-542.16,0,2.12821,9
-479.6,-999.15,0,2.63944,10
246.04,102.9,0,2.60656,10
-84.09,-115.45,1,3.68352,5
302.05,346.93,0,2.68263,10
632.7,-986.49,1,4.59257,9
-552.61,168.41,1,4.31105,8
-519.3,-348.83,0,2.62402,10
303.6,-375.91,0,2.87722,10
495.42,711.81,0,1.78866,8
-642.43,689.16,1,4.59257,9
393.59,-872.3,0,2.08819,9
-300.36,-353.2,0,2.09917,9
-254.98,-394.52,0,2.69041,10
-155.65,182.9,1,3.04504,3
655.81,492.49,1,3.04264,3
-912.11,-405.79,1,3.72658,5
-490.39,467.68,1,3.42374,4
-534.18,723.8,1,4.59257,9
-108.3,-430.21,0,2.60847,10
-454.67,967.55,1,3.75801,6
-435.57,217.51,0,1.80133,8
-89.72,224.13,0,2.02872,9
-745.33,622.47,0,1.83767,8
256.07,659.28,0,2.638,10
840.89,-515.03,1,3.04704,3
-180,533.73,1,4.15224,7
-437.47,468.37,0,2.62561,10
40.31,835.33,0,2.71345,10
455.44,160.38,1,3.39535,4
882.73,-102.86,1,3.1847,3
-848.46,-158.83,1,3.42772,4
820.39,106.48,1,3.85725,6
-74.62,294.03,0,2.39606,10
-817.5,97.73,1,3.37311,4
342.25,710,0,2.37882,10
350.72,946.98,1,3.5167,5
282.16,-242.13,0,2.80435,10
439.16,641.28,1,4.15968,7
118.38,-173.55,0,2.23869,9
469.57,530.26,0,2.52897,10
-603.95,399.13,1,3.93825,6
-991.06,-769.23,1,4.55859,9
-96.92,-752.6,0,2.64693,10
195.91,-860.26,0,2.42998,10
-133.3,-177.41,1,2.95173,3
-258.04,25.88,1,4.59257,9
762.41,924.81,1,3.53584,5
-410.38,169.19,0,2.31771,10
292.5,178.94,1,4.34253,8
25.27,753.8,0,2.39152,10
-201.06,-818.76,0,1.9952,8
478.39,18.55,1,3.7408,5
-31.22,93.36,1,3.91736,6
-208.46,-328.15,1,4.30091,8
-570.4,762.95,1,3.99244,6
501.34,475.98,0,2.27053,10
-931.81,322.29,1,3.91164,6
-796.94,-202.75,1,3.68766,5
-268.98,820.96,1,3.27087,4
41.4,-495.51,0,2.66852,10
-182.32,389.37,0,2.72435,10
-822.56,-674.14,1,4.32406,8
-6.96,326.6,1,3.04234,3
346.67,-449.63,0,1.93588,8
58.35,-271.74,1,3.2584,4
-907.59,-132.62,1,2.89348,3
-940.66,979.54,0,1.78836,8
386.87,271.43,0,2.17937,9
848.45,997.27,1,3.50179,5
-388.25,-73.83,1,3.02713,3
-933.78,-278.16,1,3.97025,6
-671.22,-185.44,1,3.3618,4
861.11,701.69,1,4.2425,7
-931.34,601.89,1,3.68624,5
-914.33,-769.6,1,3.42949,4
-838.12,522.01,1,3.01814,3
166.62,-846.97,0,2.68911,10
209.31,626.91,0,2.04427,9
640.58,766.92,0,2.69731,10
-105.45,-636.62,1,3.45905,4
188.48,-635.94,1,3.72436,5
356.04,-36.22,0,1.80296,8
-195.82,-329.71,0,1.9461,8
233.58,461.41,0,2.80402,10
-505.93,240.29,1,4.59257,9
-232.05,-582.09,0,2.80457,10
655.33,856.94,1,3.09528,3
-33.28,-905.35,1,4.59257,9
-188.29,-697.96,0,2.11941,9
806.02,123.78,0,2.67167,10
-995.78,-649.76,0,2.0466,9
-99.14,610.62,1,3.13924,3
-963.97,-480.54,1,3.91443,6
-110.38,644.26,1,3.93318,6
269.98,428.05,1,3.66712,5
-277.18,-956.47,0,2.0402,9
-434.71,226.56,0,2.62197,10
-863.83,-619.4,0,2.87011,10
566.18,-607.56,1,3.48159,4
72.58,-530.32,1,2.90196,3
-584.92,142.49,1,3.26918,4
180.83,-594.12,0,2.75862,10
327.93,236.99,1,3.88901,6
554.86,-726.62,0,2.18108,9
-778.42,536.96,1,4.14579,7
318.51,-74.11,0,2.78394,10
-997.64,610.67,1,3.06854,3
-169.14,323.76,1,4.45397,8
-69.17,594.86,0,2.22106,9
366.41,-913.1,1,4.59257,9
-394.3,-919.65,1,3.66538,5
892.75,-201.9,1,3.16327,3
46.58,573.07,1,3.86924,6
846.43,-834.67,0,2.74784,10
-524.6,-527.56,1,3.31868,4
-272.84,442.36,1,4.23071,7
512.51,-784.84,1,4.2921,8
181.05,-808.12,0,1.75535,8
-1.07,701.52,0,2.69166,10
487.01,401.61,1,4.05888,7
-203.53,494.02,1,4.59257,9
-519.81,626.58,0,2.46492,10
-158.95,909.43,1,2.95096,3
-201.19,894.5,1,4.59257,9
138.43,-104.63,0,2.53956,10
497.16,-947.75,0,2.83532,10
-625.1,-227.41,1,4.34223,8
-343.41,-52.35,0,2.72332,10
-273.22,-428.86,1,4.59257,9
597.43,198.64,0,1.92283,8
474.73,429.17,0,2.76078,10
311.86,494.79,0,2.4065,10
-668.02,-985.51,0,2.00936,9
-820.93,-616.17,0,2.43691,10
212.14,66.52,1,4.28848,8
795.45,733,1,3.15456,3
-312.5,-990.77,0,1.91192,8
-832.73,377.23,0,2.00717,9
-265.79,575.79,1,4.52073,9
-544.65,646.26,0,2.94187,10
704.97,381.4,0,2.0968,9
115.42,275.93,0,2.6591,10
176.71,61.96,0,2.51251,10
-749.4,-9.41,1,3.61455,5
821.54,-399.11,0,2.18521,9
-979.25,933.8,0,2.6792,10
497.35,156.25,1,4.35516,8
-478.58,-349.96,1,3.91786,6
906.9,-202.24,1,4.59257,9
297.02,42.49,1,4.51928,9
532.21,-13.07,1,4.59257,9
499.44,-463.08,0,2.5311,10
132.5,-544.38,1,4.59257,9
-281.4,-768.89,0,2.82088,10
-440.74,-876.37,0,2.63388,10
314.96,689.31,1,4.59257,9
336.11,-904.9,0,2.69821,10
423.08,-451.47,0,2.12979,9
207.94,277.68,1,4.17268,7
-536.12,940.1,0,2.6434,10
-692.56,-94.83,0,2.53858,10
567.27,-631.71,0,2.06015,9
-757.61,-105.86,0,2.93277,10
-999.56,-470.85,1,4.41329,8
479.81,-880.67,1,4.59257,9
-201.29,878.53,0,2.20463,9
201.21,324.55,0,1.83676,8
339.53,-358.18,0,2.95595,10
-737.15,-527.61,0,2.43914,10
-21.97,986.57,0,1.96474,8
-119.53,458.92,1,3.01548,3
84.01,515.26,0,2.70119,10
613.16,783.26,0,2.63623,10
-127.63,598.55,1,3.92559,6
313.6,243.58,1,3.8533,6
513.34,868.18,1,4.28077,8
44.12,757.51,1,3.17182,3
-883.28,-271.54,0,2.08186,9
-205.59,354.6,1,4.37292,8
101.25,739.74,0,2.73,10
-536.98,-729.77,1,4.59257,9
-815.87,-767.64,0,2.0994,9
-649.69,-715.29,0,2.72395,10
53.52,-148.95,1,3.27956,4
830.98,-717.34,1,3.07609,3
-678.16,453.4,0,1.85914,8
685.6,-690.53,1,3.83123,6
-758.04,540.49,0,2.73002,10
-332.35,441.3,1,4.36005,8
508.98,-800.34,1,4.59257,9
-43.71,-465.19,1,4.41769,8
197.19,924.21,0,2.47763,10
628.05,-810.82,1,3.57384,5
783.4,416.55,1,3.2193,3
-164.14,592.83,0,2.6268,10
-763.6,22.86,1,4.29408,8
950.27,-642.78,0,2.91465,10
551.29,-726.45,0,2.56005,10
-305.3,-156.35,1,3.47183,4
713.64,258.04,0,2.35332,10
-234.47,171.39,1,3.76122,6
-741.93,-788.95,0,1.88141,8
275.19,753.93,1,4.4704,8
642.77,386.48,1,4.14579,7
160.15,467.99,1,3.77122,6
895.79,280.56,0,1.96833,8
-302.87,-294.33,1,4.23227,7
-368.43,-979.48,1,4.59257,9
-690.74,217.92,0,2.6174,10
-569.96,-893.44,1,4.07681,7
-538.03,-459.92,0,1.83802,8
952.43,-334.14,0,2.39513,10
753.39,-392.4,0,2.15158,9
-129.88,-0.86,1,4.46219,8
-770.68,503.14,1,4.29497,8
-200.62,73.7,0,2.96436,10
927.36,856.99,0,2.84837,10
-389.75,-68.03,0,1.93758,8
465.46,149.95,1,4.22814,7
534.03,-463.48,0,2.80471,10
-974.52,106.95,0,2.34397,10
-291.18,400.83,1,4.2228,7
-443.36,238.54,0,1.99526,8
257.67,-782.25,1,4.59257,9
958.04,684.09,1,4.59257,9
583.59,-10.39,0,2.57112,10
859.02,947.76,1,4.34172,8
-243.69,-911.68,0,2.15199,9
-397.91,13.46,0,2.51518,10
-233.48,459.32,1,3.17702,3
342.78,148.31,1,2.96274,3
760.83,532.78,0,2.10348,9
438.57,-499.64,0,2.12701,9
-402.42,373.44,0,1.80532,8
-661.88,-808.09,1,4.54044,9
704.07,779.71,0,2.60832,10
345.88,-677.44,1,4.59257,9
910.59,798.13,0,1.84483,8
-952.26,-265.75,1,3.54065,5
-954.26,884.79,0,1.94488,8
941.11,893.04,0,1.80673,8
577.44,-491.11,0,2.9649,10
-262.5,839.79,1,4.59257,9
401.59,942.44,1,3.4213,4
948.87,-564.39,0,2.0753,9
518.03,51.38,0,2.21514,9
-352.16,-488.09,0,1.91244,8
107.53,64.8,0,2.21793,9
-995.87,407.92,1,4.59257,9
-463.37,-822.15,0,2.21635,9
-428.78,202.58,0,2.56319,10
-700.36,-812.58,1,2.9288,3
-770.52,358.5,1,3.61258,5
-892.81,-489.12,0,1.87542,8
-559.79,-949.95,1,3.02937,3
-349.17,464.58,1,4.39036,8
611.13,-604,1,4.22887,7
178.68,-547.07,0,2.69852,10
-297.49,-596.88,0,2.49282,10
183.84,-938.87,0,2.40633,10
254.87,-163.8,0,2.49477,10
-927.07,901.73,1,4.53277,9
-40.56,-428.48,1,3.92031,6
245.55,-63.79,1,2.92303,3
766.17,532.83,1,4.57333,9
480.7,-522.33,0,2.5814,10
837.18,994.05,1,3.13192,3
936.36,742.11,1,3.51069,5
704.78,263.19,1,4.31546,8
-322.96,374.91,1,4.25989,8
853.92,-647.85,1,3.31716,4
-240.42,-135.61,0,2.53654,10
-692.12,-773.47,0,1.83909,8
-91.5,-81.31,1,4.05338,7
-49.92,340.6,0,2.24067,9
111.89,601.8,0,2.7915,10
-608.01,-469.82,0,2.93671,10
700.33,-822.46,1,3.05696,3
-700.04,-851.4,1,4.46199,8
701.78,-804.36,0,2.64926,10
-923.72,-594.24,0,2.73647,10
-887.37,9.88,1,3.95442,6
-590.63,966.49,0,2.7773,10
322.64,-767.61,0,2.61309,10
737.05,723.31,0,1.91573,8
-895.82,-198.11,0,2.95413,10
404.77,-548.14,1,4.05957,7
-888.43,446.02,0,2.7877,10
-869.29,-590.29,0,2.69476,10
-772.57,478.11,1,3.31634,4
-622.4,285.54,1,4.59257,9
-725.69,806.91,0,1.94743,8
60.36,-395.6,1,4.59257,9
-83.46,126.17,1,4.59257,9
649.77,360.1,1,4.1695,7
583.07,354.21,1,4.02482,7
-86.2,-214.36,0,1.93579,8
-909.15,-805.55,0,2.30055,10
832.29,-48.76,1,3.20087,3
-190.59,491.78,0,2.15031,9
-623.08,-862.87,0,2.04187,9
858.43,747.22,0,2.53479,10
351.16,-871.64,1,4.59257,9
-837.4,-856.7,1,4.58058,9
723.09,79.07,1,4.59257,9
676.03,855.55,1,3.79197,6
-106.21,877.56,0,2.41464,10
349.83,306.53,0,1.87625,8
797.15,-721.68,1,4.59257,9
548.3,242.6,1,3.69765,5
972.87,585.09,0,1.84052,8
253.52,520.71,0,2.77875,10
945.34,-227.2,1,4.59257,9
-966.4,77.48,1,4.59257,9
322.26,548.2,0,1.95211,8
-219.95,675.9,0,2.26763,10
803.09,-103.1,1,3.90381,6
-330.58,-154.63,1,4.59257,9
-474.41,-31.96,0,2.01089,9
306,595.1,0,2.17456,9
-926.65,894.28,1,3.03308,3
995.73,338.8,1,3.79373,6
711.5,959.52,1,3.29021,4
-564.03,159.44,1,3.25037,4
-971.39,-665.8,0,2.56283,10
-857.24,357.17,0,2.81007,10
-977.6,707.56,1,4.40376,8
279.62,-810.68,1,4.59257,9
549.1,9.14,0,2.52542,10
-414.03,781.68,1,4.08881,7
357.74,-917.74,0,1.92407,8
537.33,106.08,1,3.15064,3
513.73,-972.67,0,2.77341,10
173.76,-293.19,0,2.89933,10
-466.09,3.21,0,2.37945,10
41,-899.73,1,4.52151,9
464.33,629.08,0,2.19858,9
-852.72,240.76,0,2.27889,10
818.33,440.95,0,2.95432,10
-814.62,469.79,1,4.17025,7
61.99,37.74,1,4.10277,7
-333.27,667.41,0,2.21122,9
-93.46,-576.92,0,2.43529,10
999.41,-444.92,0,2.48173,10
-478.4,900.31,1,4.00232,7
605.85,-168.8,0,2.30741,10
947.42,-204.04,0,2.78946,10
881.21,767.89,0,1.98353,8
-319.64,780.46,1,4.59257,9
-644.07,173.98,1,3.19512,3
-348.94,803.23,1,4.35182,8
-143.58,-699.8,0,2.36366,10
-417.17,143.35,1,3.27383,4
-922.38,593.51,0,1.93301,8
122.43,-215.79,0,2.97005,10
-347.46,164.5,1,4.14827,7
-911.16,417.88,0,2.10406,9
335.66,-70.57,0,2.1643,9
906.77,476.16,0,2.95272,10
228.14,691.88,0,2.88583,10
231.48,688.72,0,2.23646,9
294.6,-751.47,0,2.29333,10
80.44,-235.23,0,2.45253,10
-6.1,294.2,0,2.74358,10
98.04,-172.32,0,2.37373,10
447.34,914.1,1,4.05221,7
-135.77,6.95,1,3.34252,4
-421.71,-197.44,1,3.05946,3
-939.53,-561.19,1,3.27318,4
573.72,-601.62,0,2.31817,10
267.72,883.58,0,1.7542,8
903.09,583.56,0,2.43413,10
846.02,-605.58,0,2.12441,9
-478.26,-852.16,1,2.91705,3
-113.19,189.44,0,2.37513,10
37.12,-723.15,0,2.17185,9
-18.12,705.7,1,4.59257,9
656.3,-103.82,1,3.10662,3
-497.58,-616.91,1,3.6698,5
92.7,-774.94,0,2.20979,9
505.41,-347.74,1,4.5922,9
223.81,580.31,1,4.55464,9
126.25,-273.68,0,1.91647,8
-763.37,-975.49,0,1.99264,8
796.6,-332.11,0,2.37937,10
206.01,565.18,1,3.06185,3
944.48,-846.03,1,3.40017,4
-298.54,720.36,1,3.59288,5
680.94,-186.76,0,1.7748,8
-622.54,678.72,0,2.42429,10
826.69,940.53,1,3.03651,3
8.65,-881.36,1,4.59257,9
-497.58,417.83,1,4.5024,9
283.15,724.43,0,2.34513,10
20.56,912.11,0,2.59612,10
548.16,-855.2,0,2.28228,10
-360.98,940.18,1,4.23337,7
481.47,934.08,0,2.09223,9
795.89,683.19,0,2.90664,10
-660.44,684.58,0,1.94417,8
-215.36,374.2,1,4.26594,8
657.34,-860.81,0,2.9437,10
-286.51,-578.63,0,1.98775,8
800.43,28.24,0,1.75464,8
-359.91,-770.46,0,1.93189,8
507.35,251.8,0,2.07802,9
-8.98,296.96,1,3.85101,6
-668.52,797.65,1,4.57414,9
588.49,-407.12,1,3.937,6
972.05,-703.31,1,4.53153,9
-886.82,-61.5,1,4.10773,7
-707.82,-12.31,1,3.18513,3
457.31,224.62,1,3.41544,4
-812,-397.36,0,1.86522,8
233.54,-180.76,1,4.59257,9
309.99,46.37,0,2.36829,10
-352.08,-599.35,0,2.22512,9
-102.69,-126.36,1,4.54138,9
-197.77,760.73,1,4.2185,7
753.27,-553.68,1,4.59257,9
702.74,832.57,0,2.01539,9
-647.21,-938.3,1,4.31884,8
-636.15,977.47,0,2.71383,10
557.58,-277.57,0,1.90141,8
-801.43,528.38,1,4.5601,9
-265.84,727.91,1,3.3141,4
706.82,-117.22,0,2.71568,10
188.21,941.5,1,3.68938,5
-41.99,420.93,1,4.4796,8
957.59,-852.83,1,4.20063,7
-553.76,-389.82,1,4.59257,9
-991.45,725.24,1,4.59257,9
-712.74,396.33,1,4.21212,7
-148.84,-29.89,1,3.01618,3
76.66,695.15,0,2.68051,10
364.13,617.92,0,1.79243,8
-703.87,791.44,1,4.59257,9
487.44,-95.52,1,3.89201,6
-498.13,-357.97,1,3.85692,6
248.89,-323.57,0,2.86134,10
476.76,58.62,1,3.2092,3
-911.72,-332.95,0,1.92419,8
-854.67,462.93,1,3.22332,3
-906.82,670.99,0,2.00102,9
997.31,111.19,0,1.91753,8
979.99,851.5,0,1.75701,8
743.01,-665.81,0,2.93664,10
-926.89,-763.98,0,2.8937,10
-753.52,945.62,1,3.84607,6
188.86,-970.39,1,3.78629,6
147.97,509.8,0,1.88357,8
516.62,643.02,0,2.4215,10
282.33,-729.78,1,3.64437,5
392.35,-54,1,3.02488,3
-765.91,782.14,1,4.59257,9
-697.94,608.35,1,4.59257,9
-582.84,954.69,1,4.5562,9
-60.13,-754.53,1,4.59257,9
185.11,-152.52,0,1.99041,8
-21.25,76.08,0,2.24358,9
120.64,-776.56,0,1.82787,8
-304.31,865.91,1,3.95016,6
-847.51,-304.21,0,2.65099,10
895.9,660.52,1,4.59257,9
456.93,-454.6,0,2.02695,9
39.33,-783.97,1,2.99204,3
-803.96,656.75,0,2.7271,10
416.34,489.97,0,1.92584,8
519.98,221.07,0,2.53623,10
-715,-29.15,1,3.42484,4
-161.34,226.26,1,4.59257,9
963.84,57.15,0,2.28462,10
294.24,-306.57,0,1.79174,8
716.58,370.61,1,4.59257,9
-42.92,-789.97,1,4.1523,7
-385.91,432.68,0,2.16241,9
405.05,-646.74,1,3.99486,6
-364.86,-639.05,1,3.76232,6
-885.73,298.11,1,4.59257,9
161.02,826.41,0,2.08929,9
122.64,-740.04,0,1.85365,8
93.07,206.47,0,2.15274,9
-58.44,-340.02,0,2.89386,10
232.63,-930.42,1,3.22885,3
55.77,992.45,1,4.14728,7
542.11,-527.08,1,4.25507,8
-412.1,-462.73,0,2.27163,10
344.26,-429.1,0,1.93578,8
432.35,187.56,1,3.08742,3
998.72,54.32,0,2.00517,9
650.12,144.9,1,4.14481,7
-15.3,-746.18,0,1.82954,8
-786.23,442.55,0,2.45665,10
-620.9,954.29,1,3.90671,6
-567.28,-400.59,0,1.76686,8
575.56,-585.34,1,4.59257,9
-802.41,828.16,0,1.9232,8
936.14,150.07,1,3.82373,6
-442.95,54.11,1,3.9134,6
-773.64,892.47,1,3.2924,4
-557.32,-323.04,1,3.18622,3
-282.81,-129.67,1,4.59257,9
-170.66,597.09,0,2.09174,9
-501.2,480.9,1,3.2708,4
452.76,547.68,0,2.84916,10
897.81,225.89,1,3.46618,4
126.74,-99.5,0,2.66464,10
934.47,791.74,1,3.8408,6
-179.73,120.48,0,2.03496,9
226.91,-930.03,1,4.59257,9
61.55,-151.65,1,4.59257,9
-408.83,-193.44,1,3.0216,3
-455.33,-802.46,0,2.47555,10
-852.07,-370.36,0,2.80355,10
-527.84,-552.49,0,2.22636,9
-957.87,727.66,1,3.43968,4
318.06,156.07,1,3.89521,6
-648.3,866.32,0,2.37251,10
-528.1,350.7,1,4.43697,8
-412.16,-791.34,0,1.91471,8
-600.17,-748.51,0,2.66359,10
522.56,185.28,0,2.86737,10
-650.25,-918.47,0,2.17806,9
993.27,823.59,1,3.79327,6
935.78,-363.12,1,4.59257,9
957.78,950.12,1,2.64392,3
-319.85,530.46,1,3.06221,3
473.33,602.52,1,3.33352,4
220.92,816.75,0,1.76647,8
-7.08,681.76,0,2.88601,10
843.65,972.83,1,3.17743,3
-714.93,899.78,0,2.84756,10
-482,-671.73,0,1.83762,8
406.06,65.93,0,2.32312,10
-332.27,-822.51,1,3.08903,3
-807.77,-263.81,0,1.97928,8
815.79,-714.36,1,4.59257,9
159.33,246.89,0,2.64527,10
-366.52,382.24,1,3.04684,3
-425.21,-93.3,1,3.53885,5
-844.25,85.61,0,1.98859,8
-840.69,530.71,0,2.38218,10
419.95,816.3,1,3.06574,3
-330.05,-444.77,0,2.68716,10
-979.72,797.5,1,4.59257,9
-465.05,-243.76,0,2.44562,10
-463.95,-747.05,0,2.14766,9
740.5,-650.79,0,2.92692,10
-514.75,-793.19,1,3.51854,5
126.2,-792.83,1,4.59257,9
482.91,719.59,0,2.82628,10
115.83,-764.32,1,4.59257,9
884.53,169.64,1,3.13793,3
88.44,143.42,1,2.92153,3
356.04,-232.61,0,2.76069,10
159.35,619.35,1,4.56877,9
584.35,4.19,1,4.59257,9
219.41,723.99,0,2.3036,10
27.28,-837.05,1,3.80899,6
-692.04,-159.93,0,2.23051,9
690.95,-607.73,1,4.59257,9
506.49,313.38,1,3.95958,6
819.03,-684.6,0,2.46358,10
213.15,-298.5,0,2.8961,10
-735.19,-52.24,1,4.59257,9
824.53,-680.59,0,1.84558,8
-660.68,-146.18,1,2.97509,3
721.83,-450.09,1,3.23957,3
-462.6,981.25,0,1.96186,8
287.07,-283.66,1,3.47122,4
258.94,778.38,1,3.19918,3
9.51,983.37,1,4.06206,7
966.72,-12.14,1,3.7155,5
17.47,238.13,0,2.46732,10
-111.08,722.89,0,1.88452,8
939.03,554.77,1,3.0621,3
-79.41,-819.84,0,2.09429,9
-858.76,-189.29,1,4.59257,9
-940.12,-785.31,1,4.59257,9
44.08,-429.95,0,1.97866,8
-139.27,-249.58,0,1.76605,8
358.55,308.75,0,1.77108,8
-25.74,-928.93,0,2.73553,10
-133.79,-966.4,0,2.26569,10
101.53,604.82,0,2.20744,9
-845.27,-197.12,0,2.35572,10
797.78,-454.47,1,4.59257,9
-156.09,710.1,0,2.65561,10
937.15,-846.97,1,4.21126,7
642.23,40.62,0,2.50549,10
-967.09,822.53,0,2.08523,9
375.07,-107.99,0,2.08966,9
186.92,-823.2,0,2.60555,10
-196.32,-378.19,0,2.92656,10
986.96,886.08,1,4.3999,8
-364.91,830.55,1,4.59257,9
259.41,-986.36,1,4.59257,9
-275.12,-955.33,0,2.35121,10
19.23,920.55,1,4.59257,9
-56.59,518.52,1,3.97678,6
191.15,797.03,0,2.84444,10
777.29,-560.53,1,4.59257,9
-525.47,453.43,0,2.094,9
-385.88,788.12,1,2.91991,3
697.64,598.83,0,2.29883,10
-5.56,483.74,1,3.226,3
188.44,205.73,0,2.80295,10
-804.03,671.98,0,2.20224,9
-780.25,32.95,1,4.25395,8
-909.04,-148.71,1,3.42173,4
388.23,532.51,1,3.38116,4
41.5,-796.83,0,2.1473,9
-355.77,-225.93,1,3.62251,5
34.77,-895.17,0,2.07307,9
-859.44,-213.41,1,3.03707,3
-123.62,-73.37,0,2.56317,10
157.6,-585.81,0,2.93093,10
-763.21,903.14,0,2.91017,10
-259.09,-102.07,0,1.84885,8
163.98,-53.94,1,3.05407,3
-258.98,967.98,0,2.63624,10
319.95,-622,0,2.93987,10
-530.45,-364.54,1,4.59257,9
-186.52,800.51,0,1.88237,8
119.45,-957.3,1,4.57719,9
741.38,478.13,1,4.59257,9
540.94,-213.04,0,2.63051,10
-782.2,-961.11,1,4.30662,8
-170.96,-676.78,0,2.91628,10
-968.08,-801.59,0,2.20533,9
-650.59,829.8,1,3.67121,5
-386.05,207.11,1,3.03571,3
331.08,-899.75,0,2.75452,10
210.56,-577.09,0,2.71699,10
-569.61,-645.43,0,2.36422,10
105.8,920.32,0,2.73891,10
345.85,-497.91,0,2.0402,9
-714.56,-571.62,0,2.80106,10
881.03,67.69,0,2.4637,10
469.96,290.32,1,2.93717,3
-310.42,-647.33,0,2.68227,10
395.32,-842.85,0,1.8962,8
558.71,228.31,1,2.89827,3
133.49,464.47,0,2.34654,10
-411.78,-241.87,1,3.93239,6
-129.39,-259.68,0,1.91913,8
116.64,362.75,0,2.50434,10
579.86,-330.89,1,3.85897,6
349.64,487.52,0,2.38826,10
-141.69,550.37,0,2.39801,10
-279.57,-600.32,1,3.82795,6
299.41,-804.74,1,4.23876,7
590.12,-173.56,1,3.21795,3
528.31,945.37,1,3.06111,3
615.82,798.18,0,2.13193,9
424.88,-122.27,1,4.59257,9
-544.07,-418.74,0,2.85927,10
-935.26,330.57,0,2.9092,10
-134.88,111.11,1,4.11378,7
509.33,114.58,0,2.38845,10
236.8,305.57,1,4.55597,9
-363.81,-805.15,1,4.59257,9
513.8,-332.81,0,2.1602,9
745.72,-689.61,0,2.51352,10
44.7,165.64,0,2.04134,9
-55.32,-652.91,0,2.93228,10
-107.41,-878.68,1,3.70103,5
-653.3,-977.42,0,2.31156,10
924.27,-852.57,0,2.58036,10
-726.22,734.67,0,2.78607,10
613.55,245.07,1,3.51866,5
108.01,-915.97,1,3.1729,3
719.99,-576.86,1,4.59257,9
-190.24,-561.17,1,4.31087,8
579.09,168.08,1,3.87357,6
-276.12,-140.87,1,4.59257,9
745.24,-251.65,0,1.84457,8
788.76,-409.72,0,2.39052,10
286.16,986.27,0,2.3947,10
386.51,-574.8,0,1.98301,8
40.9,-719.16,1,3.71805,5
409.63,975.79,0,1.76431,8
-308.82,906.73,1,3.83974,6
309.21,-404.75,1,3.34224,4
22.02,422.34,1,3.37711,4
-366.46,-376.06,1,3.23472,3
703.94,58.5,1,4.59257,9
105.19,988.22,0,2.41811,10
311.83,808.57,1,2.96477,3
-143.3,6.93,0,2.32075,10
369.83,835.03,0,2.92662,10
788.17,-23.77,0,1.75908,8
222.14,-100.97,0,2.45379,10
-932.32,-509.49,0,2.39415,10
-894.85,707.04,0,2.62692,10
-7.73,-81.1,1,4.59257,9
334.38,227.14,1,3.92547,6
-315.03,392.26,1,3.42495,4
79.64,881.05,0,1.84155,8
-19,-106.71,0,2.60786,10
134.83,-819.16,0,2.62027,10
-502.03,-289.29,1,4.59257,9
760.99,-495.2,0,2.59343,10
635.19,131.87,0,2.87957,10
-451.21,624.99,0,2.63625,10
-143.76,751.3,0,2.74749,10
306.17,-373.69,0,2.20941,9
343.21,-208.15,0,1.77386,8
96.38,117.67,1,3.60909,5
-727.24,662.68,0,2.37913,10
-342.16,222.93,1,3.81393,6
-702.41,707.99,0,2.51846,10
68.35,-51.84,1,4.12919,7
-685.65,-958.08,1,2.99911,3
-986.68,941.69,1,4.59257,9
217.57,180.94,1,4.59257,9
681.91,-943.81,1,3.51839,5
-856.29,-242.19,1,3.71471,5
401,635.35,1,4.59257,9
304.3,-244.3,1,4.59257,9
878.14,-591.57,0,2.27998,10
583.92,944.53,1,3.41171,4
-994.98,238.4,0,2.66263,10
840.02,-810.5,1,3.44868,4
-155.47,-186.64,1,3.81046,6
617.87,39.15,0,2.56559,10
-967.24,557.72,1,2.95307,3
